[{"model": "admin.logentry", "pk": 1, "fields": {"action_time": "2025-04-02T16:31:52.864Z", "user": 1, "content_type": 6, "object_id": "1", "object_repr": "Room 101 (Capacity: 10)", "action_flag": 1, "change_message": "[{\"added\": {}}]"}}, {"model": "admin.logentry", "pk": 2, "fields": {"action_time": "2025-04-02T16:31:57.355Z", "user": 1, "content_type": 6, "object_id": "2", "object_repr": "Room 102 (Capacity: 10)", "action_flag": 1, "change_message": "[{\"added\": {}}]"}}, {"model": "admin.logentry", "pk": 3, "fields": {"action_time": "2025-04-02T16:32:03.763Z", "user": 1, "content_type": 6, "object_id": "3", "object_repr": "Room 103 (Capacity: 10)", "action_flag": 1, "change_message": "[{\"added\": {}}]"}}, {"model": "admin.logentry", "pk": 4, "fields": {"action_time": "2025-04-02T16:32:07.818Z", "user": 1, "content_type": 6, "object_id": "4", "object_repr": "Room 104 (Capacity: 10)", "action_flag": 1, "change_message": "[{\"added\": {}}]"}}, {"model": "admin.logentry", "pk": 5, "fields": {"action_time": "2025-04-02T16:32:13.151Z", "user": 1, "content_type": 6, "object_id": "5", "object_repr": "Room 105 (Capacity: 10)", "action_flag": 1, "change_message": "[{\"added\": {}}]"}}, {"model": "admin.logentry", "pk": 6, "fields": {"action_time": "2025-04-03T14:40:31.846Z", "user": 1, "content_type": 6, "object_id": "6", "object_repr": "Room 106 (Capacity: 12)", "action_flag": 1, "change_message": "[{\"added\": {}}]"}}, {"model": "admin.logentry", "pk": 7, "fields": {"action_time": "2025-04-09T12:38:08.109Z", "user": 1, "content_type": 6, "object_id": "9", "object_repr": "Room 101 in Leighton Hall (Capacity: 15)", "action_flag": 1, "change_message": "[{\"added\": {}}]"}}, {"model": "admin.logentry", "pk": 8, "fields": {"action_time": "2025-04-09T14:56:28.298Z", "user": 1, "content_type": 10, "object_id": "5", "object_repr": "JoeUser", "action_flag": 2, "change_message": "[{\"changed\": {\"fields\": [\"Verified\"]}}]"}}, {"model": "admin.logentry", "pk": 9, "fields": {"action_time": "2025-04-09T14:56:34.196Z", "user": 1, "content_type": 10, "object_id": "2", "object_repr": "AshleyUser", "action_flag": 2, "change_message": "[{\"changed\": {\"fields\": [\"Verified\"]}}]"}}, {"model": "admin.logentry", "pk": 10, "fields": {"action_time": "2025-04-09T14:59:32.425Z", "user": 1, "content_type": 10, "object_id": "2", "object_repr": "AshleyUser", "action_flag": 2, "change_message": "[{\"changed\": {\"fields\": [\"Verified\"]}}]"}}, {"model": "admin.logentry", "pk": 11, "fields": {"action_time": "2025-04-09T16:40:06.585Z", "user": 1, "content_type": 10, "object_id": "2", "object_repr": "AshleyUser", "action_flag": 2, "change_message": "[{\"changed\": {\"fields\": [\"Verified\"]}}]"}}, {"model": "admin.logentry", "pk": 12, "fields": {"action_time": "2025-04-09T17:02:21.169Z", "user": 1, "content_type": 10, "object_id": "2", "object_repr": "AshleyUser", "action_flag": 2, "change_message": "[{\"changed\": {\"fields\": [\"Verified\"]}}]"}}, {"model": "admin.logentry", "pk": 13, "fields": {"action_time": "2025-04-09T17:02:34.375Z", "user": 1, "content_type": 10, "object_id": "2", "object_repr": "AshleyUser", "action_flag": 2, "change_message": "[{\"changed\": {\"fields\": [\"Verified\"]}}]"}}, {"model": "admin.logentry", "pk": 14, "fields": {"action_time": "2025-04-09T17:44:56.075Z", "user": 1, "content_type": 10, "object_id": "2", "object_repr": "AshleyUser", "action_flag": 2, "change_message": "[{\"changed\": {\"fields\": [\"Verified\"]}}]"}}, {"model": "admin.logentry", "pk": 15, "fields": {"action_time": "2025-04-09T17:45:12.921Z", "user": 1, "content_type": 10, "object_id": "2", "object_repr": "AshleyUser", "action_flag": 2, "change_message": "[{\"changed\": {\"fields\": [\"Verified\"]}}]"}}, {"model": "admin.logentry", "pk": 16, "fields": {"action_time": "2025-04-10T17:07:21.291Z", "user": 1, "content_type": 10, "object_id": "2", "object_repr": "AshleyUser", "action_flag": 2, "change_message": "[{\"changed\": {\"fields\": [\"Verified\"]}}]"}}, {"model": "admin.logentry", "pk": 17, "fields": {"action_time": "2025-04-10T17:07:41.260Z", "user": 1, "content_type": 10, "object_id": "2", "object_repr": "AshleyUser", "action_flag": 2, "change_message": "[{\"changed\": {\"fields\": [\"Verified\"]}}]"}}, {"model": "admin.logentry", "pk": 18, "fields": {"action_time": "2025-04-10T17:25:20.601Z", "user": 1, "content_type": 10, "object_id": "2", "object_repr": "AshleyUser", "action_flag": 2, "change_message": "[{\"changed\": {\"fields\": [\"Verified\"]}}]"}}, {"model": "admin.logentry", "pk": 19, "fields": {"action_time": "2025-04-10T17:28:06.613Z", "user": 1, "content_type": 10, "object_id": "2", "object_repr": "AshleyUser", "action_flag": 2, "change_message": "[{\"changed\": {\"fields\": [\"Verified\"]}}]"}}, {"model": "admin.logentry", "pk": 20, "fields": {"action_time": "2025-04-10T17:32:56.161Z", "user": 1, "content_type": 10, "object_id": "2", "object_repr": "AshleyUser", "action_flag": 2, "change_message": "[{\"changed\": {\"fields\": [\"Verified\"]}}]"}}, {"model": "admin.logentry", "pk": 21, "fields": {"action_time": "2025-04-10T17:33:26.125Z", "user": 1, "content_type": 10, "object_id": "2", "object_repr": "AshleyUser", "action_flag": 2, "change_message": "[{\"changed\": {\"fields\": [\"Verified\"]}}]"}}, {"model": "admin.logentry", "pk": 22, "fields": {"action_time": "2025-04-10T17:33:36.118Z", "user": 1, "content_type": 10, "object_id": "2", "object_repr": "AshleyUser", "action_flag": 2, "change_message": "[{\"changed\": {\"fields\": [\"Verified\"]}}]"}}, {"model": "admin.logentry", "pk": 23, "fields": {"action_time": "2025-04-10T17:36:46.183Z", "user": 1, "content_type": 10, "object_id": "2", "object_repr": "AshleyUser", "action_flag": 2, "change_message": "[{\"changed\": {\"fields\": [\"Verified\"]}}]"}}, {"model": "admin.logentry", "pk": 24, "fields": {"action_time": "2025-04-11T12:54:54.421Z", "user": 1, "content_type": 6, "object_id": "10", "object_repr": "Room 102 in Leighton Hall (Capacity: 115)", "action_flag": 1, "change_message": "[{\"added\": {}}]"}}, {"model": "admin.logentry", "pk": 25, "fields": {"action_time": "2025-04-11T12:55:09.080Z", "user": 1, "content_type": 6, "object_id": "11", "object_repr": "Room 103 in Leighton Hall (Capacity: 10)", "action_flag": 1, "change_message": "[{\"added\": {}}]"}}, {"model": "admin.logentry", "pk": 26, "fields": {"action_time": "2025-04-11T12:55:33.471Z", "user": 1, "content_type": 6, "object_id": "12", "object_repr": "Room 104 in Leighton Hall (Capacity: 5)", "action_flag": 1, "change_message": "[{\"added\": {}}]"}}, {"model": "admin.logentry", "pk": 27, "fields": {"action_time": "2025-04-11T12:55:44.075Z", "user": 1, "content_type": 6, "object_id": "13", "object_repr": "Room 105 in Leighton Hall (Capacity: 10)", "action_flag": 1, "change_message": "[{\"added\": {}}]"}}, {"model": "admin.logentry", "pk": 28, "fields": {"action_time": "2025-04-11T12:55:59.100Z", "user": 1, "content_type": 6, "object_id": "14", "object_repr": "Room 106 in Leighton Hall (Capacity: 10)", "action_flag": 1, "change_message": "[{\"added\": {}}]"}}, {"model": "auth.permission", "pk": 1, "fields": {"name": "Can add log entry", "content_type": 1, "codename": "add_logentry"}}, {"model": "auth.permission", "pk": 2, "fields": {"name": "Can change log entry", "content_type": 1, "codename": "change_logentry"}}, {"model": "auth.permission", "pk": 3, "fields": {"name": "Can delete log entry", "content_type": 1, "codename": "delete_logentry"}}, {"model": "auth.permission", "pk": 4, "fields": {"name": "Can view log entry", "content_type": 1, "codename": "view_logentry"}}, {"model": "auth.permission", "pk": 5, "fields": {"name": "Can add permission", "content_type": 2, "codename": "add_permission"}}, {"model": "auth.permission", "pk": 6, "fields": {"name": "Can change permission", "content_type": 2, "codename": "change_permission"}}, {"model": "auth.permission", "pk": 7, "fields": {"name": "Can delete permission", "content_type": 2, "codename": "delete_permission"}}, {"model": "auth.permission", "pk": 8, "fields": {"name": "Can view permission", "content_type": 2, "codename": "view_permission"}}, {"model": "auth.permission", "pk": 9, "fields": {"name": "Can add group", "content_type": 3, "codename": "add_group"}}, {"model": "auth.permission", "pk": 10, "fields": {"name": "Can change group", "content_type": 3, "codename": "change_group"}}, {"model": "auth.permission", "pk": 11, "fields": {"name": "Can delete group", "content_type": 3, "codename": "delete_group"}}, {"model": "auth.permission", "pk": 12, "fields": {"name": "Can view group", "content_type": 3, "codename": "view_group"}}, {"model": "auth.permission", "pk": 13, "fields": {"name": "Can add content type", "content_type": 4, "codename": "add_contenttype"}}, {"model": "auth.permission", "pk": 14, "fields": {"name": "Can change content type", "content_type": 4, "codename": "change_contenttype"}}, {"model": "auth.permission", "pk": 15, "fields": {"name": "Can delete content type", "content_type": 4, "codename": "delete_contenttype"}}, {"model": "auth.permission", "pk": 16, "fields": {"name": "Can view content type", "content_type": 4, "codename": "view_contenttype"}}, {"model": "auth.permission", "pk": 17, "fields": {"name": "Can add session", "content_type": 5, "codename": "add_session"}}, {"model": "auth.permission", "pk": 18, "fields": {"name": "Can change session", "content_type": 5, "codename": "change_session"}}, {"model": "auth.permission", "pk": 19, "fields": {"name": "Can delete session", "content_type": 5, "codename": "delete_session"}}, {"model": "auth.permission", "pk": 20, "fields": {"name": "Can view session", "content_type": 5, "codename": "view_session"}}, {"model": "auth.permission", "pk": 21, "fields": {"name": "Can add room", "content_type": 6, "codename": "add_room"}}, {"model": "auth.permission", "pk": 22, "fields": {"name": "Can change room", "content_type": 6, "codename": "change_room"}}, {"model": "auth.permission", "pk": 23, "fields": {"name": "Can delete room", "content_type": 6, "codename": "delete_room"}}, {"model": "auth.permission", "pk": 24, "fields": {"name": "Can view room", "content_type": 6, "codename": "view_room"}}, {"model": "auth.permission", "pk": 25, "fields": {"name": "Can add room booking", "content_type": 7, "codename": "add_roombooking"}}, {"model": "auth.permission", "pk": 26, "fields": {"name": "Can change room booking", "content_type": 7, "codename": "change_roombooking"}}, {"model": "auth.permission", "pk": 27, "fields": {"name": "Can delete room booking", "content_type": 7, "codename": "delete_roombooking"}}, {"model": "auth.permission", "pk": 28, "fields": {"name": "Can view room booking", "content_type": 7, "codename": "view_roombooking"}}, {"model": "auth.permission", "pk": 29, "fields": {"name": "Can add message", "content_type": 8, "codename": "add_message"}}, {"model": "auth.permission", "pk": 30, "fields": {"name": "Can change message", "content_type": 8, "codename": "change_message"}}, {"model": "auth.permission", "pk": 31, "fields": {"name": "Can delete message", "content_type": 8, "codename": "delete_message"}}, {"model": "auth.permission", "pk": 32, "fields": {"name": "Can view message", "content_type": 8, "codename": "view_message"}}, {"model": "auth.permission", "pk": 33, "fields": {"name": "Can add notification", "content_type": 9, "codename": "add_notification"}}, {"model": "auth.permission", "pk": 34, "fields": {"name": "Can change notification", "content_type": 9, "codename": "change_notification"}}, {"model": "auth.permission", "pk": 35, "fields": {"name": "Can delete notification", "content_type": 9, "codename": "delete_notification"}}, {"model": "auth.permission", "pk": 36, "fields": {"name": "Can view notification", "content_type": 9, "codename": "view_notification"}}, {"model": "auth.permission", "pk": 37, "fields": {"name": "Can add user", "content_type": 10, "codename": "add_user"}}, {"model": "auth.permission", "pk": 38, "fields": {"name": "Can change user", "content_type": 10, "codename": "change_user"}}, {"model": "auth.permission", "pk": 39, "fields": {"name": "Can delete user", "content_type": 10, "codename": "delete_user"}}, {"model": "auth.permission", "pk": 40, "fields": {"name": "Can view user", "content_type": 10, "codename": "view_user"}}, {"model": "contenttypes.contenttype", "pk": 1, "fields": {"app_label": "admin", "model": "logentry"}}, {"model": "contenttypes.contenttype", "pk": 2, "fields": {"app_label": "auth", "model": "permission"}}, {"model": "contenttypes.contenttype", "pk": 3, "fields": {"app_label": "auth", "model": "group"}}, {"model": "contenttypes.contenttype", "pk": 4, "fields": {"app_label": "contenttypes", "model": "contenttype"}}, {"model": "contenttypes.contenttype", "pk": 5, "fields": {"app_label": "sessions", "model": "session"}}, {"model": "contenttypes.contenttype", "pk": 6, "fields": {"app_label": "room_booking", "model": "room"}}, {"model": "contenttypes.contenttype", "pk": 7, "fields": {"app_label": "room_booking", "model": "roombooking"}}, {"model": "contenttypes.contenttype", "pk": 8, "fields": {"app_label": "chat", "model": "message"}}, {"model": "contenttypes.contenttype", "pk": 9, "fields": {"app_label": "notifications", "model": "notification"}}, {"model": "contenttypes.contenttype", "pk": 10, "fields": {"app_label": "members", "model": "user"}}, {"model": "sessions.session", "pk": "701k31fscm60ijkt7mvvrl7eo1vppubl", "fields": {"session_data": ".eJxVjEEOwiAQRe_C2pAOnQF06b5naAaYStVAUtqV8e7apAvd_vfef6mRtzWPW5NlnJO6KFCn3y1wfEjZQbpzuVUda1mXOehd0QdteqhJntfD_TvI3PK3NhiEE6LBTgh9Z3rwk3UEaDk4H6lPFsGDcUidOAQzEdPZsgVL0ot6fwCt6zZO:1u2DEr:xMIZeeh1jD-MzvRTfP9bS3uuaJBU4NN3cyZ5jNThCW8", "expire_date": "2025-04-22T17:59:57.276Z"}}, {"model": "sessions.session", "pk": "ggg1s9q1u91ssxo9h2di3333eall2ngd", "fields": {"session_data": ".eJxVjEEOwiAQRe_C2pAOnQF06b5naAaYStVAUtqV8e7apAvd_vfef6mRtzWPW5NlnJO6KFCn3y1wfEjZQbpzuVUda1mXOehd0QdteqhJntfD_TvI3PK3NhiEE6LBTgh9Z3rwk3UEaDk4H6lPFsGDcUidOAQzEdPZsgVL0ot6fwCt6zZO:1u2Czk:RgIqg7-5QylLTlTNTRIx7SCPCuKG-w5AT1bMtLwnnxA", "expire_date": "2025-04-22T17:44:20.092Z"}}, {"model": "sessions.session", "pk": "kkisgf03a075sx0szmkj6r6uapy804zm", "fields": {"session_data": ".eJxVjEEOwiAQRe_C2pAOnQF06b5naAaYStVAUtqV8e7apAvd_vfef6mRtzWPW5NlnJO6KFCn3y1wfEjZQbpzuVUda1mXOehd0QdteqhJntfD_TvI3PK3NhiEE6LBTgh9Z3rwk3UEaDk4H6lPFsGDcUidOAQzEdPZsgVL0ot6fwCt6zZO:1u0Ljh:8kJGyfmuqo8y21hqsaGqltyomKHoEv22qaAhunE7kGQ", "expire_date": "2025-04-17T14:40:05.058Z"}}, {"model": "sessions.session", "pk": "uvcxdf37ugjijytbkjocmdjmanjdyaj8", "fields": {"session_data": ".eJxVjEEOwiAQRe_C2pAOnQF06b5naAaYStVAUtqV8e7apAvd_vfef6mRtzWPW5NlnJO6KFCn3y1wfEjZQbpzuVUda1mXOehd0QdteqhJntfD_TvI3PK3NhiEE6LBTgh9Z3rwk3UEaDk4H6lPFsGDcUidOAQzEdPZsgVL0ot6fwCt6zZO:1u2Uk7:Cp1QG2wTqdBZKjJhSTz2IuEyWU9VrqmahbRV7LqfNiM", "expire_date": "2025-04-23T12:41:23.794Z"}}, {"model": "sessions.session", "pk": "zmlvipa1zg9793c29mop27fsbyopll3g", "fields": {"session_data": ".eJxVjEEOwiAQRe_C2pAOnQF06b5naAaYStVAUtqV8e7apAvd_vfef6mRtzWPW5NlnJO6KFCn3y1wfEjZQbpzuVUda1mXOehd0QdteqhJntfD_TvI3PK3NhiEE6LBTgh9Z3rwk3UEaDk4H6lPFsGDcUidOAQzEdPZsgVL0ot6fwCt6zZO:1u3Dtg:9zVTuf0ROwRQU-HslktGTOeJy5qf1PgxGo2h8cVTjP0", "expire_date": "2025-04-25T12:54:16.984Z"}}, {"model": "room_booking.room", "pk": 1, "fields": {"number": 101, "capacity": 10, "building": "James Graham"}}, {"model": "room_booking.room", "pk": 2, "fields": {"number": 102, "capacity": 10, "building": "James Graham"}}, {"model": "room_booking.room", "pk": 3, "fields": {"number": 103, "capacity": 10, "building": "James Graham"}}, {"model": "room_booking.room", "pk": 4, "fields": {"number": 104, "capacity": 10, "building": "James Graham"}}, {"model": "room_booking.room", "pk": 5, "fields": {"number": 105, "capacity": 10, "building": "James Graham"}}, {"model": "room_booking.room", "pk": 6, "fields": {"number": 106, "capacity": 12, "building": "James Graham"}}, {"model": "room_booking.room", "pk": 9, "fields": {"number": 101, "capacity": 15, "building": "Leighton Hall"}}, {"model": "room_booking.room", "pk": 10, "fields": {"number": 102, "capacity": 115, "building": "Leighton Hall"}}, {"model": "room_booking.room", "pk": 11, "fields": {"number": 103, "capacity": 10, "building": "Leighton Hall"}}, {"model": "room_booking.room", "pk": 12, "fields": {"number": 104, "capacity": 5, "building": "Leighton Hall"}}, {"model": "room_booking.room", "pk": 13, "fields": {"number": 105, "capacity": 10, "building": "Leighton Hall"}}, {"model": "room_booking.room", "pk": 14, "fields": {"number": 106, "capacity": 10, "building": "Leighton Hall"}}, {"model": "room_booking.roombooking", "pk": 3, "fields": {"start_datetime": "2025-04-03T09:00:00Z", "end_datetime": "2025-04-03T11:00:00Z", "room": 2, "purpose": "team call", "users": [2, 3]}}, {"model": "room_booking.roombooking", "pk": 5, "fields": {"start_datetime": "2025-04-11T09:00:00Z", "end_datetime": "2025-04-11T10:00:00Z", "room": 3, "purpose": "calls", "users": [2]}}, {"model": "room_booking.roombooking", "pk": 6, "fields": {"start_datetime": "2025-04-11T09:00:00Z", "end_datetime": "2025-04-11T10:00:00Z", "room": 4, "purpose": "meeting", "users": [2, 3]}}, {"model": "room_booking.roombooking", "pk": 8, "fields": {"start_datetime": "2025-04-11T06:00:00Z", "end_datetime": "2025-04-11T07:00:00Z", "room": 3, "purpose": "Calls", "users": [2, 5]}}, {"model": "room_booking.roombooking", "pk": 9, "fields": {"start_datetime": "2025-04-09T09:00:00Z", "end_datetime": "2025-04-09T11:00:00Z", "room": 3, "purpose": "meeting", "users": [2]}}, {"model": "room_booking.roombooking", "pk": 10, "fields": {"start_datetime": "2025-04-17T09:00:00Z", "end_datetime": "2025-04-17T10:00:00Z", "room": 1, "purpose": "golfing", "users": [2]}}, {"model": "room_booking.roombooking", "pk": 11, "fields": {"start_datetime": "2025-04-23T08:00:00Z", "end_datetime": "2025-04-23T09:00:00Z", "room": 1, "purpose": "golfing", "users": [2]}}, {"model": "room_booking.roombooking", "pk": 12, "fields": {"start_datetime": "2025-04-18T10:00:00Z", "end_datetime": "2025-04-18T11:00:00Z", "room": 2, "purpose": "fencing", "users": [2]}}, {"model": "room_booking.roombooking", "pk": 13, "fields": {"start_datetime": "2025-04-19T08:00:00Z", "end_datetime": "2025-04-19T09:00:00Z", "room": 2, "purpose": "talking", "users": [2]}}, {"model": "room_booking.roombooking", "pk": 14, "fields": {"start_datetime": "2025-04-24T10:00:00Z", "end_datetime": "2025-04-24T11:00:00Z", "room": 3, "purpose": "youtube", "users": [2]}}, {"model": "room_booking.roombooking", "pk": 15, "fields": {"start_datetime": "2025-04-19T09:00:00Z", "end_datetime": "2025-04-19T11:00:00Z", "room": 3, "purpose": "walking", "users": [2]}}, {"model": "room_booking.roombooking", "pk": 16, "fields": {"start_datetime": "2025-04-12T13:00:00Z", "end_datetime": "2025-04-12T14:00:00Z", "room": 3, "purpose": "team call", "users": [2]}}, {"model": "room_booking.roombooking", "pk": 17, "fields": {"start_datetime": "2025-04-19T07:00:00Z", "end_datetime": "2025-04-19T08:00:00Z", "room": 4, "purpose": "call", "users": [2]}}, {"model": "room_booking.roombooking", "pk": 18, "fields": {"start_datetime": "2025-04-11T13:00:00Z", "end_datetime": "2025-04-11T14:00:00Z", "room": 4, "purpose": "team calls", "users": [2, 3]}}, {"model": "room_booking.roombooking", "pk": 19, "fields": {"start_datetime": "2025-04-24T10:00:00Z", "end_datetime": "2025-04-24T11:00:00Z", "room": 4, "purpose": "team calls", "users": [2]}}, {"model": "room_booking.roombooking", "pk": 20, "fields": {"start_datetime": "2025-04-26T10:00:00Z", "end_datetime": "2025-04-26T11:00:00Z", "room": 6, "purpose": "team meeting call", "users": [2]}}, {"model": "room_booking.roombooking", "pk": 21, "fields": {"start_datetime": "2025-04-13T08:00:00Z", "end_datetime": "2025-04-13T09:00:00Z", "room": 9, "purpose": "meeting", "users": [2]}}, {"model": "room_booking.roombooking", "pk": 22, "fields": {"start_datetime": "2025-04-18T15:00:00Z", "end_datetime": "2025-04-18T16:00:00Z", "room": 9, "purpose": "meeting", "users": [2]}}, {"model": "room_booking.roombooking", "pk": 23, "fields": {"start_datetime": "2025-04-12T09:00:00Z", "end_datetime": "2025-04-12T11:00:00Z", "room": 9, "purpose": "Meeting", "users": [2]}}, {"model": "room_booking.roombooking", "pk": 24, "fields": {"start_datetime": "2025-04-11T07:00:00Z", "end_datetime": "2025-04-11T09:00:00Z", "room": 3, "purpose": "calls", "users": [2]}}, {"model": "room_booking.roombooking", "pk": 25, "fields": {"start_datetime": "2025-04-19T07:00:00Z", "end_datetime": "2025-04-19T08:00:00Z", "room": 3, "purpose": "calling someone", "users": [9]}}, {"model": "room_booking.roombooking", "pk": 26, "fields": {"start_datetime": "2025-04-19T08:00:00Z", "end_datetime": "2025-04-19T10:00:00Z", "room": 4, "purpose": "hello", "users": [9]}}, {"model": "chat.message", "pk": 2, "fields": {"booking": 3, "user": 3, "text": "hello", "timestamp": "2025-04-02T16:36:06.222Z"}}, {"model": "chat.message", "pk": 4, "fields": {"booking": 8, "user": 5, "text": "hello", "timestamp": "2025-04-03T14:38:09.260Z"}}, {"model": "chat.message", "pk": 5, "fields": {"booking": 8, "user": 2, "text": "hello", "timestamp": "2025-04-10T21:25:28.614Z"}}, {"model": "notifications.notification", "pk": 1, "fields": {"user": 3, "message": "A new booking for 'meeting' was created.", "is_read": true, "created_at": "2025-04-02T16:33:59.364Z", "notification_type": "booking"}}, {"model": "notifications.notification", "pk": 2, "fields": {"user": 2, "message": "A new booking for 'meeting' was created.", "is_read": true, "created_at": "2025-04-02T16:33:59.366Z", "notification_type": "booking"}}, {"model": "notifications.notification", "pk": 3, "fields": {"user": 3, "message": "New message in Room 103 for meeting: need to learn", "is_read": true, "created_at": "2025-04-02T16:34:24.939Z", "notification_type": "message"}}, {"model": "notifications.notification", "pk": 4, "fields": {"user": 2, "message": "A new booking for 'team call' was created.", "is_read": true, "created_at": "2025-04-02T16:34:46.229Z", "notification_type": "booking"}}, {"model": "notifications.notification", "pk": 5, "fields": {"user": 3, "message": "A new booking for 'team call' was created.", "is_read": true, "created_at": "2025-04-02T16:35:17.339Z", "notification_type": "booking"}}, {"model": "notifications.notification", "pk": 6, "fields": {"user": 2, "message": "A new booking for 'team call' was created.", "is_read": true, "created_at": "2025-04-02T16:35:17.340Z", "notification_type": "booking"}}, {"model": "notifications.notification", "pk": 7, "fields": {"user": 2, "message": "New message in Room 102 for team call: hello", "is_read": true, "created_at": "2025-04-02T16:36:06.227Z", "notification_type": "message"}}, {"model": "notifications.notification", "pk": 8, "fields": {"user": 3, "message": "A new booking for 'team call' was created.", "is_read": false, "created_at": "2025-04-03T13:39:30.685Z", "notification_type": "booking"}}, {"model": "notifications.notification", "pk": 9, "fields": {"user": 4, "message": "A new booking for 'team call' was created.", "is_read": true, "created_at": "2025-04-03T13:39:30.686Z", "notification_type": "booking"}}, {"model": "notifications.notification", "pk": 10, "fields": {"user": 3, "message": "New message in Room 102 for team call: hello", "is_read": false, "created_at": "2025-04-03T13:39:44.476Z", "notification_type": "message"}}, {"model": "notifications.notification", "pk": 11, "fields": {"user": 2, "message": "A new booking for 'calls' was created.", "is_read": true, "created_at": "2025-04-03T13:41:03.357Z", "notification_type": "booking"}}, {"model": "notifications.notification", "pk": 12, "fields": {"user": 3, "message": "A new booking for 'meeting' was created.", "is_read": false, "created_at": "2025-04-03T13:41:34.170Z", "notification_type": "booking"}}, {"model": "notifications.notification", "pk": 13, "fields": {"user": 2, "message": "A new booking for 'meeting' was created.", "is_read": true, "created_at": "2025-04-03T13:41:34.171Z", "notification_type": "booking"}}, {"model": "notifications.notification", "pk": 14, "fields": {"user": 5, "message": "A new booking for 'Team Meeting' was created.", "is_read": true, "created_at": "2025-04-03T14:36:09.306Z", "notification_type": "booking"}}, {"model": "notifications.notification", "pk": 15, "fields": {"user": 2, "message": "A new booking for 'Calls' was created.", "is_read": true, "created_at": "2025-04-03T14:37:10.408Z", "notification_type": "booking"}}, {"model": "notifications.notification", "pk": 16, "fields": {"user": 5, "message": "A new booking for 'Calls' was created.", "is_read": true, "created_at": "2025-04-03T14:37:10.409Z", "notification_type": "booking"}}, {"model": "notifications.notification", "pk": 17, "fields": {"user": 2, "message": "New message in Room 103 for Calls: hello", "is_read": true, "created_at": "2025-04-03T14:38:09.265Z", "notification_type": "message"}}, {"model": "notifications.notification", "pk": 18, "fields": {"user": 2, "message": "A new booking for 'meeting' was created.", "is_read": true, "created_at": "2025-04-08T16:22:38.348Z", "notification_type": "booking"}}, {"model": "notifications.notification", "pk": 19, "fields": {"user": 2, "message": "A new booking for 'golfing' was created.", "is_read": true, "created_at": "2025-04-09T12:39:08.702Z", "notification_type": "booking"}}, {"model": "notifications.notification", "pk": 20, "fields": {"user": 2, "message": "A new booking for 'golfing' was created.", "is_read": true, "created_at": "2025-04-09T12:41:45.424Z", "notification_type": "booking"}}, {"model": "notifications.notification", "pk": 21, "fields": {"user": 2, "message": "A new booking for 'fencing' was created.", "is_read": true, "created_at": "2025-04-09T12:48:50.015Z", "notification_type": "booking"}}, {"model": "notifications.notification", "pk": 22, "fields": {"user": 2, "message": "A new booking for 'talking' was created.", "is_read": true, "created_at": "2025-04-09T12:53:48.437Z", "notification_type": "booking"}}, {"model": "notifications.notification", "pk": 23, "fields": {"user": 2, "message": "A new booking for 'youtube' was created.", "is_read": true, "created_at": "2025-04-09T13:43:45.870Z", "notification_type": "booking"}}, {"model": "notifications.notification", "pk": 24, "fields": {"user": 2, "message": "A new booking for 'walking' was created.", "is_read": true, "created_at": "2025-04-09T13:47:14.240Z", "notification_type": "booking"}}, {"model": "notifications.notification", "pk": 25, "fields": {"user": 2, "message": "A new booking for 'team call' was created.", "is_read": true, "created_at": "2025-04-09T14:01:51.879Z", "notification_type": "booking"}}, {"model": "notifications.notification", "pk": 26, "fields": {"user": 2, "message": "A new booking for 'call' was created.", "is_read": true, "created_at": "2025-04-09T14:42:24.828Z", "notification_type": "booking"}}, {"model": "notifications.notification", "pk": 27, "fields": {"user": 3, "message": "A new booking for 'team calls' was created.", "is_read": false, "created_at": "2025-04-09T14:44:35.017Z", "notification_type": "booking"}}, {"model": "notifications.notification", "pk": 28, "fields": {"user": 2, "message": "A new booking for 'team calls' was created.", "is_read": true, "created_at": "2025-04-09T14:44:35.018Z", "notification_type": "booking"}}, {"model": "notifications.notification", "pk": 29, "fields": {"user": 2, "message": "A new booking for 'team calls' was created.", "is_read": true, "created_at": "2025-04-09T14:48:51.638Z", "notification_type": "booking"}}, {"model": "notifications.notification", "pk": 30, "fields": {"user": 2, "message": "A new booking for 'team meeting call' was created.", "is_read": false, "created_at": "2025-04-09T14:57:27.646Z", "notification_type": "booking"}}, {"model": "notifications.notification", "pk": 31, "fields": {"user": 2, "message": "A new booking for 'meeting' was created.", "is_read": false, "created_at": "2025-04-09T16:40:31.706Z", "notification_type": "booking"}}, {"model": "notifications.notification", "pk": 32, "fields": {"user": 2, "message": "A new booking for 'meeting' was created.", "is_read": false, "created_at": "2025-04-09T17:45:47.638Z", "notification_type": "booking"}}, {"model": "notifications.notification", "pk": 33, "fields": {"user": 2, "message": "A new booking for 'Meeting' was created.", "is_read": false, "created_at": "2025-04-10T19:02:22.716Z", "notification_type": "booking"}}, {"model": "notifications.notification", "pk": 34, "fields": {"user": 5, "message": "New message in Room 103 for Calls: hello", "is_read": false, "created_at": "2025-04-10T21:25:28.630Z", "notification_type": "message"}}, {"model": "notifications.notification", "pk": 35, "fields": {"user": 2, "message": "A new booking for 'calls' was created.", "is_read": false, "created_at": "2025-04-10T21:38:14.423Z", "notification_type": "booking"}}, {"model": "notifications.notification", "pk": 36, "fields": {"user": 9, "message": "A new booking for 'calling someone' was created.", "is_read": false, "created_at": "2025-04-10T22:51:27.162Z", "notification_type": "booking"}}, {"model": "notifications.notification", "pk": 37, "fields": {"user": 9, "message": "A new booking for 'hello' was created.", "is_read": false, "created_at": "2025-04-10T22:51:47.668Z", "notification_type": "booking"}}, {"model": "members.user", "pk": 1, "fields": {"password": "pbkdf2_sha256$870000$XQ951XqJxYAN1CT7PoPj5T$iWdOkS8tgj2f434iNyeOgeV9W5ruji/1bGOSis0SY04=", "last_login": "2025-04-11T12:54:16.980Z", "is_superuser": true, "is_staff": true, "is_active": true, "date_joined": "2025-04-02T16:27:21.863Z", "username": "admin", "first_name": "", "last_name": "", "email": "admin@email.com", "is_online": false, "verified": true, "user_type": "staff", "groups": [], "user_permissions": []}}, {"model": "members.user", "pk": 2, "fields": {"password": "pbkdf2_sha256$870000$3Eweabdr4QLLSfg9N4V9vq$GfveMvngG+9uR/0P/vu24kKc5focSBfZhgiDfJsFa98=", "last_login": "2025-04-09T12:41:06Z", "is_superuser": false, "is_staff": false, "is_active": true, "date_joined": "2025-04-02T16:32:39Z", "username": "AshleyUser", "first_name": "Ashley", "last_name": "Wilson", "email": "Ashley03wilson@gmail.com", "is_online": true, "verified": true, "user_type": "student", "groups": [], "user_permissions": []}}, {"model": "members.user", "pk": 3, "fields": {"password": "pbkdf2_sha256$870000$Cr1Gig3mtu7I1shbFtcUak$YJDmJNRXOfG4foizyTYcONTpLOy3WmSheV/+hY2bLv4=", "last_login": null, "is_superuser": false, "is_staff": false, "is_active": true, "date_joined": "2025-04-02T16:33:05.254Z", "username": "AshleyUser2", "first_name": "Ashley2", "last_name": "Wilson2", "email": "Ashley03wilson2@gmail.com", "is_online": false, "verified": true, "user_type": "student", "groups": [], "user_permissions": []}}, {"model": "members.user", "pk": 4, "fields": {"password": "pbkdf2_sha256$870000$oIwmz1s1xtBrccemTKcjpc$vz2nbNxRpr7BcRgooCqHPUAJhnOfIbZ9pKpwF7R0SM4=", "last_login": null, "is_superuser": false, "is_staff": false, "is_active": true, "date_joined": "2025-04-03T13:38:46.906Z", "username": "HarryUser", "first_name": "Harry", "last_name": "Lewis", "email": "harry@email.com", "is_online": false, "verified": true, "user_type": "student", "groups": [], "user_permissions": []}}, {"model": "members.user", "pk": 5, "fields": {"password": "pbkdf2_sha256$870000$P1HjBOVuVcj5ZpHnfpKWF9$RHoq0GaBnmWyGVu9qBcmiLEkXSOQ5IVtUY8XF5outG0=", "last_login": null, "is_superuser": false, "is_staff": false, "is_active": true, "date_joined": "2025-04-03T14:32:44Z", "username": "JoeUser", "first_name": "Joe", "last_name": "Hallow", "email": "Joe@email.com", "is_online": false, "verified": true, "user_type": "student", "groups": [], "user_permissions": []}}, {"model": "members.user", "pk": 6, "fields": {"password": "pbkdf2_sha256$870000$QUFeup5hoBRN1tfPRbanzA$v4NOFpbUIC+XHtjKhTthBUANp7Gm4h3jnlpqnNYtATk=", "last_login": null, "is_superuser": false, "is_staff": false, "is_active": true, "date_joined": "2025-04-10T17:12:15.827Z", "username": "JackUser", "first_name": "Jack", "last_name": "Glossip", "email": "Jack@email.com", "is_online": false, "verified": true, "user_type": "student", "groups": [], "user_permissions": []}}, {"model": "members.user", "pk": 7, "fields": {"password": "pbkdf2_sha256$870000$OjGYVlPBLSr90q1Xq7R7OO$wlURy0BddDJCp0QW/opyUTDnD35uixUuBPkP9SQH0F8=", "last_login": null, "is_superuser": false, "is_staff": false, "is_active": true, "date_joined": "2025-04-10T17:16:04.862Z", "username": "HollyUser", "first_name": "Holly", "last_name": "Lemm", "email": "Holly@email.com", "is_online": false, "verified": true, "user_type": "student", "groups": [], "user_permissions": []}}, {"model": "members.user", "pk": 8, "fields": {"password": "pbkdf2_sha256$870000$pcJxm9nKLmmIu19eqPK8B1$BTC3wPNIRYke7YXxsjBHfp53gvsbmJGf8XN07DRyTu0=", "last_login": null, "is_superuser": false, "is_staff": false, "is_active": true, "date_joined": "2025-04-10T17:21:59.634Z", "username": "John", "first_name": "John", "last_name": "Smith", "email": "John@email.com", "is_online": false, "verified": true, "user_type": "student", "groups": [], "user_permissions": []}}, {"model": "members.user", "pk": 9, "fields": {"password": "pbkdf2_sha256$870000$jHRMEBg7IIASpBqRy28odi$eZoVZu3XafxLosa4jND7lDDlQt9/mDvhpad7nJcvZxc=", "last_login": null, "is_superuser": false, "is_staff": false, "is_active": true, "date_joined": "2025-04-10T22:36:08.932Z", "username": "JoelUser", "first_name": "Joel", "last_name": "James", "email": "Joel@email.com", "is_online": true, "verified": true, "user_type": "student", "groups": [], "user_permissions": []}}]